id,type,urgency_level,submitted_time,origin_location_id,destination_location_id,status
1,Equipment Delivery,1,2026-08-08 17:38,5,44,Completed
2,Sample Pickup,5,2026-08-11 12:13,3,40,Completed
3,Blood Delivery,4,2026-08-22 12:29,43,46,Pending
4,Patient Transfer,4,2026-08-19 09:04,21,49,Completed
5,Medicine Delivery,3,2026-08-08 13:18,35,14,Pending
6,Blood Delivery,5,2026-08-17 08:42,11,29,Completed
7,Patient Transfer,2,2026-08-04 09:47,36,20,Assigned
8,Sample Pickup,2,2026-08-11 11:43,36,10,Completed
9,Blood Delivery,1,2026-08-21 14:53,41,17,Pending
10,Medicine Delivery,3,2026-08-24 15:35,18,3,Pending
11,Patient Transfer,1,2026-08-05 16:02,46,28,Completed
12,Equipment Delivery,2,2026-08-10 13:57,24,38,Pending
13,Medicine Delivery,1,2026-08-25 16:56,3,23,Assigned
14,Medicine Delivery,2,2026-08-14 08:11,27,40,Pending
15,Equipment Delivery,2,2026-08-06 09:24,48,22,Assigned
16,Equipment Delivery,3,2026-08-27 11:14,3,31,Assigned
17,Blood Delivery,3,2026-08-25 12:22,2,43,Pending
18,Sample Pickup,3,2026-08-04 12:11,42,33,Pending
19,Sample Pickup,4,2026-08-24 13:27,38,17,Assigned
20,Sample Pickup,2,2026-08-02 14:00,39,33,Assigned
21,Medicine Delivery,3,2026-08-03 13:39,34,35,Assigned
22,Blood Delivery,5,2026-08-22 14:20,21,43,Assigned
23,Medicine Delivery,2,2026-08-22 14:43,26,45,Assigned
24,Blood Delivery,4,2026-08-27 08:19,48,12,Completed
25,Sample Pickup,5,2026-08-11 15:28,19,14,Completed
26,Equipment Delivery,2,2026-08-03 12:32,29,44,Completed
27,Patient Transfer,2,2026-08-10 11:51,43,41,Completed
28,Medicine Delivery,4,2026-08-28 09:29,13,10,Completed
29,Equipment Delivery,4,2026-08-08 10:41,27,41,Assigned
30,Patient Transfer,4,2026-08-06 16:29,45,1,Pending
31,Patient Transfer,4,2026-08-26 15:42,4,36,Pending
32,Equipment Delivery,5,2026-08-17 14:53,34,36,Completed
33,Equipment Delivery,4,2026-08-25 11:53,36,29,Assigned
34,Sample Pickup,4,2026-08-08 12:28,41,18,Completed
35,Blood Delivery,3,2026-08-18 09:08,5,46,Assigned
36,Medicine Delivery,2,2026-08-14 14:21,10,15,Pending
37,Medicine Delivery,4,2026-08-25 17:44,35,30,Assigned
38,Equipment Delivery,1,2026-08-10 14:54,2,49,Assigned
39,Sample Pickup,5,2026-08-16 11:17,27,35,Pending
40,Blood Delivery,4,2026-08-06 15:58,28,32,Completed
41,Equipment Delivery,5,2026-08-22 08:05,9,40,Completed
42,Equipment Delivery,2,2026-08-09 14:20,42,28,Pending
43,Equipment Delivery,3,2026-08-09 09:30,14,30,Assigned
44,Blood Delivery,2,2026-08-03 08:48,2,48,Completed
45,Patient Transfer,5,2026-08-08 10:30,2,16,Pending
46,Equipment Delivery,3,2026-08-06 17:38,43,8,Assigned
47,Medicine Delivery,3,2026-08-19 08:59,48,46,Pending
48,Equipment Delivery,4,2026-08-07 09:37,20,37,Completed
49,Blood Delivery,5,2026-08-26 17:50,45,41,Pending
50,Blood Delivery,1,2026-08-21 13:00,3,23,Completed
51,Blood Delivery,4,2026-08-05 14:11,27,32,Completed
52,Sample Pickup,5,2026-08-15 14:52,47,34,Assigned
53,Medicine Delivery,1,2026-08-15 11:48,47,38,Assigned
54,Equipment Delivery,3,2026-08-16 13:11,30,37,Pending
55,Blood Delivery,3,2026-08-20 12:35,32,14,Assigned
56,Medicine Delivery,4,2026-08-18 11:44,1,34,Assigned
57,Equipment Delivery,1,2026-08-10 11:25,31,42,Pending
58,Sample Pickup,3,2026-08-18 16:22,45,16,Assigned
59,Blood Delivery,4,2026-08-10 12:14,28,48,Assigned
60,Patient Transfer,5,2026-08-06 11:13,8,47,Completed
61,Sample Pickup,5,2026-08-10 09:53,48,31,Completed
62,Medicine Delivery,3,2026-08-23 16:08,13,19,Pending
63,Blood Delivery,2,2026-08-28 15:06,18,3,Completed
64,Equipment Delivery,4,2026-08-06 08:16,1,37,Assigned
65,Equipment Delivery,4,2026-08-19 08:09,31,8,Pending
66,Medicine Delivery,1,2026-08-25 14:38,10,37,Completed
67,Sample Pickup,4,2026-08-15 12:55,39,40,Assigned
68,Sample Pickup,1,2026-08-24 09:48,38,28,Completed
69,Patient Transfer,2,2026-08-06 16:04,14,41,Pending
70,Sample Pickup,4,2026-08-02 11:18,11,1,Assigned
71,Equipment Delivery,1,2026-08-08 12:50,46,19,Completed
72,Medicine Delivery,4,2026-08-18 11:41,41,38,Pending
73,Patient Transfer,1,2026-08-26 12:38,10,18,Pending
74,Equipment Delivery,1,2026-08-23 12:44,48,37,Assigned
75,Equipment Delivery,4,2026-08-20 08:56,26,18,Pending
76,Blood Delivery,1,2026-08-08 17:37,28,48,Pending
77,Blood Delivery,5,2026-08-25 10:30,2,49,Pending
78,Blood Delivery,2,2026-08-14 15:05,34,42,Completed
79,Blood Delivery,1,2026-08-11 14:44,31,23,Pending
80,Sample Pickup,1,2026-08-03 13:16,32,19,Assigned
81,Sample Pickup,1,2026-08-28 16:29,21,8,Completed
82,Blood Delivery,5,2026-08-21 15:48,27,4,Assigned
83,Medicine Delivery,3,2026-08-23 15:07,4,14,Assigned
84,Medicine Delivery,2,2026-08-18 08:35,2,41,Assigned
85,Patient Transfer,4,2026-08-21 10:31,27,6,Pending
86,Blood Delivery,4,2026-08-16 11:29,46,19,Assigned
87,Sample Pickup,5,2026-08-05 09:17,36,10,Completed
88,Sample Pickup,3,2026-08-10 12:53,50,27,Pending
89,Medicine Delivery,4,2026-08-16 13:21,38,43,Completed
90,Equipment Delivery,3,2026-08-23 11:36,36,49,Pending
91,Equipment Delivery,1,2026-08-24 15:45,25,15,Assigned
92,Medicine Delivery,4,2026-08-05 16:37,25,43,Pending
93,Equipment Delivery,1,2026-08-15 08:46,22,7,Completed
94,Medicine Delivery,1,2026-08-26 12:21,10,27,Assigned
95,Patient Transfer,3,2026-08-28 16:24,40,45,Completed
96,Equipment Delivery,5,2026-08-20 09:15,21,41,Pending
97,Medicine Delivery,1,2026-08-04 09:28,41,44,Assigned
98,Patient Transfer,1,2026-08-26 08:18,11,45,Assigned
99,Medicine Delivery,5,2026-08-19 10:10,23,24,Assigned
100,Equipment Delivery,5,2026-08-08 15:58,12,6,Completed
101,Blood Delivery,4,2026-08-22 08:57,38,10,Assigned
102,Medicine Delivery,1,2026-08-12 17:19,30,19,Assigned
103,Equipment Delivery,3,2026-08-13 15:06,41,28,Pending
104,Sample Pickup,3,2026-08-10 08:53,16,25,Completed
105,Sample Pickup,1,2026-08-24 15:53,43,26,Completed
106,Sample Pickup,3,2026-08-21 11:39,19,50,Pending
107,Medicine Delivery,1,2026-08-21 08:19,17,44,Completed
108,Medicine Delivery,1,2026-08-11 14:11,29,3,Assigned
109,Blood Delivery,5,2026-08-09 10:16,13,9,Completed
110,Blood Delivery,1,2026-08-03 10:48,31,19,Assigned
111,Equipment Delivery,5,2026-08-03 14:00,15,44,Assigned
112,Blood Delivery,3,2026-08-13 13:06,17,35,Completed
113,Sample Pickup,5,2026-08-20 11:41,44,15,Assigned
114,Blood Delivery,4,2026-08-05 08:02,5,41,Pending
115,Medicine Delivery,5,2026-08-13 15:23,20,32,Pending
116,Equipment Delivery,5,2026-08-24 10:56,43,48,Completed
117,Equipment Delivery,5,2026-08-09 08:44,27,42,Assigned
118,Medicine Delivery,3,2026-08-22 13:34,24,14,Pending
119,Blood Delivery,2,2026-08-28 15:05,42,23,Pending
120,Sample Pickup,1,2026-08-26 13:15,43,14,Pending
121,Sample Pickup,2,2026-08-07 11:21,9,37,Completed
122,Sample Pickup,1,2026-08-28 10:08,50,10,Assigned
123,Patient Transfer,1,2026-08-01 13:50,35,17,Pending
124,Medicine Delivery,3,2026-08-05 14:33,16,38,Pending
125,Equipment Delivery,3,2026-08-19 09:28,8,48,Completed
126,Sample Pickup,3,2026-08-21 08:03,33,15,Assigned
127,Patient Transfer,4,2026-08-15 09:57,31,26,Completed
128,Patient Transfer,2,2026-08-20 17:35,6,21,Assigned
129,Sample Pickup,3,2026-08-17 17:27,46,21,Assigned
130,Sample Pickup,2,2026-08-15 11:26,7,45,Assigned
131,Patient Transfer,3,2026-08-11 12:23,22,30,Assigned
132,Patient Transfer,1,2026-08-03 14:06,10,44,Pending
133,Sample Pickup,1,2026-08-18 16:21,48,24,Completed
134,Equipment Delivery,1,2026-08-20 12:22,43,8,Assigned
135,Medicine Delivery,4,2026-08-28 09:22,7,37,Pending
136,Blood Delivery,5,2026-08-26 14:54,36,24,Pending
137,Sample Pickup,5,2026-08-20 12:01,36,50,Pending
138,Blood Delivery,3,2026-08-01 10:55,12,18,Assigned
139,Patient Transfer,2,2026-08-21 08:05,10,37,Completed
140,Equipment Delivery,4,2026-08-06 13:19,48,34,Assigned
141,Sample Pickup,1,2026-08-05 10:48,47,21,Pending
142,Blood Delivery,4,2026-08-14 15:38,40,4,Completed
143,Sample Pickup,1,2026-08-14 09:18,29,27,Assigned
144,Blood Delivery,1,2026-08-13 17:03,44,38,Pending
145,Medicine Delivery,3,2026-08-11 09:00,1,14,Assigned
146,Medicine Delivery,4,2026-08-23 11:32,32,48,Completed
147,Patient Transfer,4,2026-08-02 14:01,36,43,Completed
148,Sample Pickup,4,2026-08-13 14:18,30,5,Completed
149,Medicine Delivery,5,2026-08-27 13:05,8,26,Assigned
150,Sample Pickup,4,2026-08-03 14:55,28,7,Completed
151,Blood Delivery,2,2026-08-17 09:33,20,48,Pending
152,Blood Delivery,3,2026-08-27 10:15,33,13,Completed
153,Medicine Delivery,5,2026-08-25 09:11,7,10,Pending
154,Sample Pickup,5,2026-08-22 17:41,50,41,Assigned
155,Blood Delivery,2,2026-08-03 15:28,41,40,Assigned
156,Sample Pickup,1,2026-08-17 09:19,41,20,Assigned
157,Blood Delivery,3,2026-08-21 09:39,30,29,Pending
158,Sample Pickup,5,2026-08-02 15:58,39,33,Completed
159,Sample Pickup,4,2026-08-05 08:28,37,42,Completed
160,Sample Pickup,2,2026-08-08 15:28,7,22,Pending
161,Blood Delivery,3,2026-08-14 13:43,34,40,Assigned
162,Blood Delivery,1,2026-08-04 16:43,39,4,Assigned
163,Sample Pickup,2,2026-08-03 17:42,25,19,Assigned
164,Equipment Delivery,2,2026-08-23 09:19,10,23,Completed
165,Blood Delivery,2,2026-08-23 16:05,36,25,Completed
166,Blood Delivery,1,2026-08-10 10:13,42,43,Assigned
167,Medicine Delivery,2,2026-08-03 12:54,22,50,Pending
168,Sample Pickup,1,2026-08-11 17:08,7,33,Completed
169,Medicine Delivery,5,2026-08-24 15:02,39,25,Pending
170,Medicine Delivery,4,2026-08-10 15:14,27,24,Completed
171,Equipment Delivery,2,2026-08-22 17:28,35,16,Assigned
172,Equipment Delivery,5,2026-08-14 10:52,30,50,Completed
173,Blood Delivery,1,2026-08-16 13:35,13,39,Completed
174,Patient Transfer,3,2026-08-25 10:17,7,46,Pending
175,Equipment Delivery,1,2026-08-27 15:56,29,33,Pending
176,Equipment Delivery,5,2026-08-08 14:05,23,2,Assigned
177,Patient Transfer,3,2026-08-05 08:18,24,15,Pending
178,Equipment Delivery,4,2026-08-01 09:01,31,45,Completed
179,Sample Pickup,5,2026-08-14 09:49,17,14,Completed
180,Patient Transfer,2,2026-08-21 17:29,19,16,Assigned
181,Equipment Delivery,5,2026-08-01 16:36,5,8,Completed
182,Equipment Delivery,1,2026-08-12 11:36,16,46,Completed
183,Patient Transfer,5,2026-08-03 16:34,27,12,Assigned
184,Equipment Delivery,1,2026-08-13 13:16,33,36,Completed
185,Patient Transfer,3,2026-08-24 09:49,48,2,Pending
186,Medicine Delivery,1,2026-08-18 13:52,38,48,Assigned
187,Equipment Delivery,4,2026-08-06 10:04,42,12,Completed
188,Blood Delivery,2,2026-08-26 11:56,46,50,Pending
189,Sample Pickup,4,2026-08-16 12:02,3,21,Completed
190,Blood Delivery,1,2026-08-11 12:07,49,42,Completed
191,Equipment Delivery,4,2026-08-06 15:44,24,28,Assigned
192,Sample Pickup,3,2026-08-24 14:05,32,24,Pending
193,Sample Pickup,3,2026-08-04 09:20,28,39,Assigned
194,Sample Pickup,4,2026-08-23 15:22,43,19,Pending
195,Blood Delivery,5,2026-08-09 08:04,29,3,Assigned
196,Sample Pickup,2,2026-08-05 17:43,43,41,Pending
197,Medicine Delivery,3,2026-08-13 17:02,29,3,Assigned
198,Blood Delivery,3,2026-08-25 09:36,39,10,Assigned
199,Blood Delivery,3,2026-08-04 08:47,9,34,Pending
200,Sample Pickup,1,2026-08-25 12:45,12,32,Assigned
201,Equipment Delivery,2,2026-08-05 09:28,29,14,Pending
202,Blood Delivery,3,2026-08-03 16:34,12,46,Completed
203,Medicine Delivery,3,2026-08-08 09:12,19,20,Completed
204,Patient Transfer,3,2026-08-19 13:29,9,16,Completed
205,Patient Transfer,1,2026-08-13 15:33,36,9,Assigned
206,Sample Pickup,1,2026-08-11 09:28,27,50,Pending
207,Medicine Delivery,5,2026-08-19 10:49,30,44,Completed
208,Patient Transfer,1,2026-08-05 12:10,9,28,Completed
209,Medicine Delivery,3,2026-08-10 09:16,11,21,Completed
210,Medicine Delivery,3,2026-08-18 09:32,13,41,Completed
211,Medicine Delivery,2,2026-08-20 17:21,42,11,Completed
212,Patient Transfer,1,2026-08-21 17:16,37,3,Pending
213,Equipment Delivery,5,2026-08-01 15:56,42,14,Completed
214,Blood Delivery,4,2026-08-26 14:19,41,35,Pending
215,Medicine Delivery,4,2026-08-16 15:13,30,5,Assigned
216,Blood Delivery,3,2026-08-05 13:32,22,39,Assigned
217,Equipment Delivery,1,2026-08-15 11:09,36,7,Assigned
218,Sample Pickup,4,2026-08-28 10:52,7,4,Pending
219,Medicine Delivery,2,2026-08-17 15:31,21,37,Assigned
220,Equipment Delivery,5,2026-08-08 11:37,20,32,Assigned
221,Equipment Delivery,5,2026-08-22 15:18,23,4,Completed
222,Equipment Delivery,2,2026-08-24 13:48,35,1,Assigned
223,Patient Transfer,5,2026-08-07 13:35,26,24,Completed
224,Equipment Delivery,5,2026-08-27 17:43,19,5,Assigned
225,Equipment Delivery,3,2026-08-18 13:48,40,8,Assigned
226,Equipment Delivery,5,2026-08-02 08:08,10,13,Pending
227,Sample Pickup,4,2026-08-20 16:08,46,22,Pending
228,Equipment Delivery,5,2026-08-27 12:37,21,40,Completed
229,Sample Pickup,4,2026-08-19 12:30,22,33,Completed
230,Patient Transfer,4,2026-08-10 08:38,2,24,Completed
231,Sample Pickup,5,2026-08-24 08:37,31,17,Pending
232,Sample Pickup,4,2026-08-27 11:02,31,11,Pending
233,Patient Transfer,4,2026-08-14 10:26,37,45,Assigned
234,Sample Pickup,4,2026-08-24 08:45,45,14,Completed
235,Blood Delivery,4,2026-08-13 13:11,9,34,Completed
236,Blood Delivery,3,2026-08-16 11:15,30,35,Completed
237,Blood Delivery,3,2026-08-07 15:20,18,36,Completed
238,Blood Delivery,3,2026-08-19 16:24,31,23,Pending
239,Medicine Delivery,3,2026-08-10 09:22,26,23,Pending
240,Equipment Delivery,2,2026-08-27 16:17,29,42,Pending
241,Patient Transfer,5,2026-08-19 11:15,36,45,Completed
242,Medicine Delivery,2,2026-08-04 14:21,4,43,Pending
243,Medicine Delivery,1,2026-08-06 14:41,46,31,Completed
244,Blood Delivery,3,2026-08-21 08:58,31,42,Assigned
245,Medicine Delivery,5,2026-08-24 08:58,50,6,Completed
246,Medicine Delivery,1,2026-08-26 15:11,12,27,Assigned
247,Patient Transfer,3,2026-08-20 09:59,48,19,Completed
248,Sample Pickup,5,2026-08-05 16:29,22,19,Assigned
249,Blood Delivery,2,2026-08-15 12:45,18,13,Completed
250,Blood Delivery,5,2026-08-25 11:11,12,1,Completed
251,Equipment Delivery,5,2026-08-03 14:42,40,41,Assigned
252,Blood Delivery,2,2026-08-09 14:15,7,12,Pending
253,Blood Delivery,5,2026-08-19 08:16,29,49,Completed
254,Patient Transfer,1,2026-08-10 10:25,42,24,Assigned
255,Blood Delivery,1,2026-08-10 13:39,44,33,Completed
256,Equipment Delivery,5,2026-08-14 16:58,15,9,Assigned
257,Medicine Delivery,2,2026-08-25 17:55,31,49,Completed
258,Blood Delivery,1,2026-08-04 08:53,6,34,Completed
259,Sample Pickup,2,2026-08-11 16:28,36,33,Pending
260,Sample Pickup,4,2026-08-17 15:51,8,44,Pending
261,Equipment Delivery,4,2026-08-02 16:29,4,30,Completed
262,Equipment Delivery,3,2026-08-24 11:37,44,20,Pending
263,Patient Transfer,5,2026-08-03 15:02,5,3,Pending
264,Medicine Delivery,4,2026-08-13 15:55,19,27,Assigned
265,Sample Pickup,2,2026-08-28 13:07,25,6,Completed
266,Medicine Delivery,2,2026-08-25 08:19,12,35,Pending
267,Equipment Delivery,5,2026-08-27 11:15,30,44,Assigned
268,Medicine Delivery,1,2026-08-26 14:39,30,23,Pending
269,Patient Transfer,1,2026-08-02 15:38,50,2,Completed
270,Medicine Delivery,1,2026-08-15 11:34,44,46,Assigned
271,Patient Transfer,2,2026-08-10 11:52,14,49,Completed
272,Sample Pickup,3,2026-08-10 10:42,47,37,Pending
273,Blood Delivery,1,2026-08-19 10:40,34,15,Completed
274,Patient Transfer,3,2026-08-22 14:50,44,28,Completed
275,Equipment Delivery,2,2026-08-13 10:48,34,21,Assigned
276,Medicine Delivery,3,2026-08-05 15:58,35,31,Completed
277,Sample Pickup,5,2026-08-13 11:16,4,36,Pending
278,Equipment Delivery,3,2026-08-18 11:03,14,22,Pending
279,Sample Pickup,1,2026-08-07 17:46,18,25,Pending
280,Medicine Delivery,3,2026-08-01 11:59,43,36,Assigned
281,Equipment Delivery,2,2026-08-20 11:25,13,48,Completed
282,Blood Delivery,4,2026-08-18 13:19,16,36,Assigned
283,Equipment Delivery,4,2026-08-26 15:48,17,24,Pending
284,Equipment Delivery,1,2026-08-28 11:47,21,14,Completed
285,Sample Pickup,5,2026-08-14 12:09,10,2,Completed
286,Sample Pickup,2,2026-08-18 13:16,13,22,Assigned
287,Equipment Delivery,4,2026-08-24 13:10,49,32,Pending
288,Medicine Delivery,5,2026-08-02 16:02,9,47,Completed
289,Patient Transfer,4,2026-08-27 11:04,5,43,Pending
290,Sample Pickup,4,2026-08-02 17:40,46,10,Assigned
291,Equipment Delivery,1,2026-08-18 16:26,43,40,Pending
292,Blood Delivery,5,2026-08-01 16:52,1,2,Assigned
293,Medicine Delivery,1,2026-08-17 10:15,45,44,Pending
294,Blood Delivery,3,2026-08-03 13:25,13,40,Assigned
295,Medicine Delivery,3,2026-08-27 09:41,30,37,Completed
296,Equipment Delivery,4,2026-08-18 15:03,42,49,Assigned
297,Patient Transfer,4,2026-08-21 13:36,41,1,Assigned
298,Medicine Delivery,2,2026-08-19 15:17,7,34,Completed
299,Blood Delivery,5,2026-08-22 08:11,3,5,Completed
300,Medicine Delivery,4,2026-08-10 10:36,21,2,Pending
